Nombre,Cámara /Senado,Año en el que asume,Partido,Signo Político,Profesión
Inés Enríquez,Cámara,1951,PR,Centro - Izquierda,Abogada
Lía Lafaye,Cámara,1953,PPF,Izquierda,Profesora
María Correa,Cámara,1957,PL,Derecha,Escritora
Ana Eugenia Ugalde,Cámara,1957,PR,Centro - Izquierda,Abogada
Inés Enríquez,Cámara,1957,PR,Centro - Izquierda,Abogada
Graciela Lacoste,Cámara,1961,PDC,Centro,Química
Ana Eugenia Ugalde,Cámara,1961,PR,Centro - Izquierda,Abogada
Julieta Campusano,Cámara,1961,PCCH,Extrema - Izquierda,Costurera
Ana María Rodríguez,Cámara,1961,PDC,Centro - Izquierda,Política
Inés Enríquez,Cámara,1961,PR,Centro - Izquierda,Abogada
Graciela Lacoste,Cámara,1965,PCCH,Extrema - Izquierda,Costurera
María Inés Aguilera,Cámara,1965,PDC,Centro,Profesora
Wilna Saavedra,Cámara,1965,PDC,Centro,Asistente Social
María Adela Maluenda,Cámara,1965,PCCH,Extrema - Izquierda,Actriz
Carmen Lazo,Cámara,1965,PS,Izquierda,Política
Gladys Marín,Cámara,1965,PCCH,Extrema - Izquierda,Profesora
Maria Silvia Correa,Cámara,1965,PDC,Centro,Política
Margarita Paluz,Cámara,1965,PDC,Centro,Dentista
Inés Enríquez,Cámara,1965,PR,Centro - Izquierda,Abogada
Laura Allende,Cámara,1965,PS,Izquierda,Política
Blanca Retamal,Cámara,1965,PDC,Centro,
Juana Dip,Cámara,1965,PDC,Centro,
Graciela Lacoste,Cámara,1969,PDC,Centro,
Pabla Toledo,Cámara,1969,PDC,Centro,
Mireya Baltra,Cámara,1969,PCCH,Extrema - Izquierda,Sociologa
Wilna Saavedra,Cámara,1969,PDC,Centro,Asistente Social
Silvia Alessandri,Cámara,1969,PN,Derecha,Política
Carmen Lazo,Cámara,1969,PS,Izquierda,Política
Laura Allende,Cámara,1969,PS,Izquierda,Política
Gladys Marín,Cámara,1969,PCCH,Extrema - Izquierda,Profesora
Blanca Retamal,Cámara,1969,PDC,Centro,Profesora
Vilma Rojas,Cámara,1973,PCCH,Extrema - Izquierda,Política
Silvia Araya,Cámara,1973,API,Izquierda,Folklorista
Amanda Altamirano,Cámara,1973,PCCH,Extrema - Izquierda,Modista
Gladys Marín,Cámara,1973,PCCH,Extrema - Izquierda,Profesora
Wilna Saavedra,Cámara,1973,PDC,Centro,Asistente Social
Silvia Pinto,Cámara,1973,PN,Derecha,Periodista
Fidelma Allende,Cámara,1973,PS,Izquierda,Profesora
Carmen Lazo,Cámara,1973,PS,Izquierda,Política
Laura Allende,Cámara,1973,PS,Izquierda,Política
Eliana Arínabar,Cámara,1973,PCCH,Extrema - Izquierda,Modista
Blanca Retamal,Cámara,1973,PDC,Centro,profesora
Mireya Baltra,Cámara,1973,PCCH,Extrema - Izquierda,Sociologa
Juana Dip,Cámara,1973,PDC,Centro,Política
Silvia Costa,Cámara,1973,PCCH,Extrema - Izquierda,profesora
Adriana Muñoz,Cámara,1989,PPD,Centro - Izquierda,Sociologa
María Maluenda,Cámara,1989,PPD,Centro - Izquierda,Actriz
Evelyn Matthei,Cámara,1989,RN,Derecha,Economista
Eliana Caraball,Cámara,1989,PDC,Centro,Arquitecta
María Angélica Cristi,Cámara,1989,RN,Derechs,Política
Laura Rodríguez,Cámara,1989,PH,Izquierda,Política
Marina Prochelle,Cámara,1989,RN,Derecha,Profesora
Fany Pollarolo,Cámara,1993,PDI,Izquierda,Médico
Isabel Allende,Cámara,1993,PS,Izquierda,Sociologa
Evelyn Matthei,Cámara,1993,RN,Derecha,Economista
María Antonieta Saa,Cámara,1993,PPD,Centro - Izquierda,Profesora
María Angelica Cristi,Cámara,1993,RN,Derecha,Política
Mariana Aylwin,Cámara,1993,PDC,Centro,Profesora
Romy Rebolledo,Cámara,1993,PPD,Centro - Izquierda,Ingeniera
Martita Worner,Cámara,1993,PPD,Centro - Izquierda,Contadora
Marina Prochelle,Cámara,1993,RN,Derecha,Profesora
Rosa González,Cámara,1997,UDI,Derecha,Periodista
Antonella Sciariaffia,Cámara,1997,PDC,Centro,Abogada
Fany Pollarolo,Cámara,1997,PS,Izquierda,Médico
Adriana Muñoz,Cámara,1997,PPD,Centro - Izquierda,Sociologa
Laura Soto,Cámara,1997,PPD,Centro - Izquierda,Política
María Antonieta Saa,Cámara,1997,PPD,Centro - Izquierda,Profesora
Pía Guzman,Cámara,1997,RN,Derecha,Abogada
María Angelica Cristi,Cámara,1997,RN,Derecha,Política
Lily Pérez,Cámara,1997,RN,Derecha,Publicista
Eliana Caraball,Cámara,1997,PDC,Centro,Arquitecta
Isabel Allende,Cámara,1997,PS,Izquierda,Sociologa
María Victoria Ovalle,Cámara,1997,UCCP,Derecha,Empresaria
Marina Prochelle,Cámara,1997,RN,Derecha,Profesora
Rosa González,Cámara,2001,UDI,Derecha,Periodista
Adriana Muñoza,Cámara,2001,PPD,Centro - Izquierda,Socióloga
María Eugenia Mella,Cámara,2001,PDC,Centro,Enfermera
Laura Soto,Cámara,2001,PPD,Centro - Izquierda,Política
Carmen Ibañez,Cámara,2001,RN,Derecha,Conductora TV
María Antonieta Saa,Cámara,2001,PPD,Centro - Izquierda,Profedora
Marcela Cubillos,Cámara,2001,UDI,Derecha,Abogada
Carolina Tohá,Cámara,2001,PPD,Centro - Izquierda,Polítologa
Pía Guzman,Cámara,2001,RN,Derecha,Abogada
María Angélica Cristi,Cámara,2001,RN,Derecha,Política
Ximena Vidal,Cámara,2001,PPD,Centro - Izquierda,Actriz
Lily Pérez,Cámara,2001,RN,Derecha,Publicista
Eliana Carball,Cámara,2001,PDC,Centro,Arquitecta
Isabel Allende,Cámara,2001,PS,Izquierda,Sociologa
Alejandra Sepulveda,Cámara,2001,PDC,Centro,Veterinaria
Isabel Allende,Cámara,2005,PS,Izquierda,Socióloga
Marcela Cubillos,Cámara,2005,UDI,Derecha,Abogada
Carolina Goic,Cámara,2005,PDC,Centro,Trabajadora Social
Amelia Herrera,Cámara,2005,RN,Derecha,Abogada
Marta Isasi,Cámara,2005,PAR,Centro,Ingeriera
Adriana Muñoz,Cámara,2005,PPD,Centro - Izquierda,Socióloga
Claudia Nogueira,Cámara,2005,UDI,Derecha,Abogada
Clemira Pacheco,Cámara,2005,PS,Izquierda,Profesora
Denise Pascal,Cámara,2005,PS,Izquierda,Polítologa
Lily Pérez,Cámara,2005,RN,Derecha,Publicista
Karla Rubilar,Cámara,2005,RN,Derecha,Médico
María Antonieta Saa,Cámara,2005,PPD,Centro - Izquierda,Profesora
Alejandra Sepulveda,Cámara,2005,PPD,Centro - Izquierda,Veterinaria
Laura Soto,Cámara,2005,PPD,Centro - Izquierda,Política
Carolina Tohá,Cámara,2005,PPD,Centro - Izquierda,Politologa
Marisol Turres,Cámara,2005,UDI,Derecha,Abogada
Ximena Valcarce,Cámara,2005,RN,Derecha,Periodista
Ximena Vidal,Cámara,2005,PPD,Centro - Izquierda,Actriz
María Angélica Cristi,Cámara,2009,UDI,Derecha,Política
Cristina Girardi,Cámara,2009,PPD,Centro - Izquierda,Antropologa
Carolina Goic,Cámara,2009,PDC,Centro,Trabajadora Social
María José Hoffmann,Cámara,2009,UDI,Derecha,Politologa
Marta Isasi,Cámara,2009,UDI,Derecha,Ingeniera
Andrea Molina,Cámara,2009,UDI,Derecha,Empresaria
Adriana Muñoz,Cámara,2009,PPD,Centro - Izquierda,Sociologa
Claudia Nogueira,Cámara,2009,UDI,Derecha,Abogada
Clemira Pacheco,Cámara,2009,PS,Izquierda,Profesora
Denise Pascal,Cámara,2009,PS,Izquierda,Politologa
Karla Rubilar,Cámara,2009,RN,Derecha,Médico
María Antonieta Saa,Cámara,2009,PPD,Centro - Izquierda,Profesora
Marcela Sabat,Cámara,2009,RN,Derecha,Política
Alejandra Sepulveda,Cámara,2009,PPD,Centro - Izquierda,Veterinaria
Marisol Turres,Cámara,2009,UDI,Derecha,Abogada
Ximena Vidal,Cámara,2009,PPD,Centro - Izquierda,Actriz
Mónica Zalaquett,Cámara,2009,UDI,Derecha,Comunicadora
Maya Fernandez,Cámara,2013,PS,Izquierda,Biologa marina
Cristina Girardi,Cámara,2013,PPD,Centro - Izquierda,Antropologa
María José Hoffmann,Cámara,2013,UDI,Derecha,Politologa
Andrea Molina,Cámara,2013,UDI,Derecha,Empresaria
Claudia Nogueira,Cámara,2013,UDI,Derecha,Abogada
Paulina Nuñez,Cámara,2013,RN,Derecha,Abogada
Clemira Pacheco,Cámara,2013,PS,Izquierda,Profesora
Denise Pascal,Cámara,2013,PS,Izquierda,Politologa
Yasna Provoste,Cámara,2013,PDC,Centro,Profesora
Karla Rubilar,Cámara,2013,RN,Derecha,Médico
Marcela Sabat,Cámara,2013,RN,Derecha,Política
Alejandra Sepulveda,Cámara,2013,PPD,Centro - Izquierda,Veterinaria
Marisol Turres,Cámara,2013,UDI,Derecha,Abogada
Camila Vallejo,Cámara,2013,PCCH,Extrema - Izquierda,Geografa
Daniella Cicardini,Cámara,2013,PS,Izquierda,Bióloga 
Adriana Muñoz,Cámara,2013,PDC,Centro,
Karol Cariola,Cámara,2013,PCCH,Extrema - Izquierda,Matrona
Loreto Carvajal,Cámara,2013,PDC,Centro,
Jenny Álvarez,Cámara,2013,PS,Izquierda,
Sofía Cid,Cámara,2017,RN,Derecha,Ingeniera
Catalina del Real,Cámara,2017,RN,Derecha,Ingeniera
Maya Fernandez,Cámara,2017,PS,Izquierda,Biologa
Camila Flores,Cámara,2017,RN,Derecha,Abogada
Cristina Girardi,Cámara,2017,PPD,Centro - Izquierda,Antropologa
Marcela Hernando,Cámara,2017,PR,Centro - Izquierda,Médico
Carmen Hertz,Cámara,2017,PCCH,Extrema - Izquierda,Abogada
María José Hoffmann,Cámara,2017,UDI,Derecha,Politologa
Pamela Jiles,Cámara,2017,FA,Izquierda,Periodista
Aracely Leuquén,Cámara,2017,RN,Derecha,Asistente Social
Karin Luck,Cámara,2017,RN,Derecha,Relacionadora Pública
Carolina Marzán,Cámara,2017,PPD,Centro - Izquierda,Actriz
Claudia Mix,Cámara,2017,FA,Izquierda,Política
Francesca Muñoz,Cámara,2017,RN,Derecha,Profesora
Paulina Nuñez,Cámara,2017,RN,Derecha,Abogada
Emilia Nuyado,Cámara,2017,PS,Izquierda,Auditora
Erika Olivera,Cámara,2017,RN,Derecha,Ex Atleta
Maite Orsini,Cámara,2017,FA,Izquierda,Abogada
Ximena Ossandón,Cámara,2017,RN,Derecha,Profesora
Andrea Parra,Cámara,2017,PPD,Centro - Izquierda,Enfermera
Catalina Pérez,Cámara,2017,RD,Izquierda,Abogada
Joanna Pérez,Cámara,2017,PDC,Centro,Adm. Pública
Camila Rojas,Cámara,2017,FA,Izquierda,Adm. Pública
Marcela Sabat,Cámara,2017,RN,Derecha,Política
Marisela Santibáñez,Cámara,2017,PCCH,Izquierda,Actriz
Alejandra Sepulveda,Cámara,2017,PPD,Centro - Izquierda,Veterinaria
Virginia Troncoso,Cámara,2017,UDI,Derecha,Política
Natalia Castillo,Cámara,2017,RD,Izquierda,
Karol Cariola,Cámara,2017,PCCh,Extrema - Izquierda,Matrona
Camila Vallejo,Cámara,2017,PCCH,Extrema - Izquierda,Geografa
Gael Yeomans,Cámara,2017,FA,Izquierda,Abogada
Daniella Cicardini,Cámara,2017,PS,Izquierda,Biologa marina
Jenny Álvarez,Cámara,2017,PS,Izquierda,
Loreto Carvajal,Cámara,2017,PDC,Centro,
Sandra Amar,Cámara,2017,UDI,Derecha,
Karol Cariola,Cámara,2021,PCCH,Extrema - Izquierda,Matrona
Nathalie Castillo,Cámara,2021,PCCH,Extrema - Izquierda,Periodista
Daniella Cicardini,Cámara,2021,PS,Izquierda,Biologa marina
Sofía Cid,Cámara,2021,RN,Derecha,Ingeniera
Sara Concha,Cámara,2021,PSC,Extrema - Derecha,Fonoaudiologa
María Luisa Cordero,Cámara,2021,RN,Derecha,Médico
Catalina del Real,Cámara,2021,RN,Derecha,Ingeniera
Viviana Delgado,Cámara,2021,PEVC,Izquierda,Política
Camila Flores,Cámara,2021,RN,Derecha,Abogada
Lorena Fries,Cámara,2021,CS,Izquierda,Abogada
Ana María Gazmuri,Cámara,2021,COM,Izquierda,Actriz
Marta Gónzalez,Cámara,2021,PPD,Centro - Izquierda,Técnico en Química
Carmen Hertz,Cámara,2021,PCCH,Extrema - Izquierda,Abogada
Pamela Jiles,Cámara,2021,PH,Izquierda,Abogada
Paula Labra,Cámara,2021,RN,Derecha,Ingeniera
Carolina Marzán,Cámara,2021,PPD,Centro - Izquierda,Actriz
Karen Medina,Cámara,2021,PDG,Centro,Asistente en Educación
Claudia Mix,Cámara,2021,COM,Izquierda,Política
Helia Molina,Cámara,2021,PPD,Centro - Izquierda,Médico
Carla Morales,Cámara,2021,RN,Derecha,Asistente Social
Javiera Morales,Cámara,2021,CS,Izquierda,Abogada
Francesca Muñoz,Cámara,2021,RN,Derecha,Profesora
Camila Musante,Cámara,2021,COM,Izquierda,Abogada
Gloria Naveillan,Cámara,2021,PRCH,Extrema - Derecha,Publicista
Emilia Nuyado,Cámara,2021,PS,Izquierda,Auditora
Coca Ñanco,Cámara,2021,FA,Izquierda,Política
Erika Olivera,Cámara,2021,RN,Derecha,Ex atleta
Maite Orsini,Cámara,2021,FA,Izquierda,Abogada
Ximena Ossandón,Cámara,2021,RN,Derecha,Profesora
Catalina Pérez,Cámara,2021,RD,Izquierda,Abogada
Joanna Pérez,Cámara,2021,PDC,Centro,Adm. Publica
Marlene Pérez,Cámara,2021,UDI,Derecha,Trabajadora Social
Lorena Pizarro,Cámara,2021,PCCH,Extrema - Izquierda,Educadora
Alejandra Placencia,Cámara,2021,PCCH,Extrema - Izquierda,Profesora
Marcia Raphael,Cámara,2021,RN,Derecha,Ingeniera
Marcela Riquelme,Cámara,2021,CS,Izquierda,Abogada
Camila Rojas,Cámara,2021,COM,Izquierda,Adm. Publica
Natalina Romero,Cámara,2021,UDI,Derecha,Periodista
Clara Sagardía,Cámara,2021,CS,Izquierda,Abogada
Daniela Serrano,Cámara,2021,PCCH,Extrema - Izquierda,Abogada
Marisela Santibáñez,Cámara,2021,PCCH,Extrema - Izquierda,Actriz
Emilia Schneider,Cámara,2021,COM,Izquierda,Política
Carolina Tello,Cámara,2021,FA,Izquierda,Abogada
Consuelo Veloso,Cámara,2021,RD,Izquierda,Política
Flor Weisse,Cámara,2021,UDI,Derecha,Ingeniera
Gael Yeomans,Cámara,2021,FA,Izquierda,Abogada
Danisa Astudillo,Cámara,2021,PS,Izquierda,
Yovana Ahumada,Cámara,2021,PDG,Centro,
María Francisca Bello,Cámara,2021,CS,Izquierda,
Chiara Barchiesi,Cámara,2021,PRCH,Extrema - Derecha,
Mónica Arce,Cámara,2021,PH,Izquierda,
Mercedes Bulnes,Cámara,2021,Ind RD,Izquierda,
Marta Bravo,Cámara,2021,UDI,Derecha,
María Candelaria Acevedo,Cámara,2021,PCCH,Extrema - Izquierda,
Ana María Bravo,Cámara,2021,PS,Izquierda,
Tatiana Urrutia,Cámara,2025,FA,Izquierda,Política
Javiera Rodríguez,Cámara,2025,PRCH,Extrema - Derecha,Periodista
Tamara Ramírez,Cámara,2025,PDG,Centro,Política
Emilia Schneider,Cámara,2025,FA,Izquierda,Dirigente Estudiantil
Lorena Fries,Cámara,2025,FA,Izquierda,Abogada
Irací Hassler,Cámara,2025,PCCH,Extrema - Izquierda,Igeniera Comercial
Claudia Mora,Cámara,2025,RN,Derecha,Socióloga
Constanza Hube,Cámara,2025,UDI,Derecha,Abogada
Catalina del Real,Cámara,2025,RN,Derecha,Ingeniera
Constanza Schönhaut,Cámara,2025,FA,Izquierda,Abogada
Macarena Santelices,Cámara,2025,PRCH,Extrema - Derecha,Periodista
Pamela Jiles,Cámara,2025,PDG,Centro,Periodista
Zandra Parisi,Cámara,2025,PDG,Centro,Educadora de Párvulos
Ana María Gazmuri,Cámara,2025,AH,Izquierda,Actriz
Ximena Osandón,Cámara,2025,RN,Derecha,Profesora
Daniela Serrano,Cámara,2025,PCCH,Extrema - Izquierda,Estudiante de Derecho
Gael Yeomans,Cámara,2025,FA,Izquierda,Abogada
Lorena Pizarro,Cámara,2025,PCCH,Extrema - Izquierda,Educadora de Párvulos
Valentina Becerra,Cámara,2025,PRCH,Extrema - Derecha,Política
Marisela Santibáñez,Cámara,2025,PCCH,Extrema - Izquierda,Actriz
Valentina Cáceres,Cámara,2025,FA,Izquierda,Egresada de Derecho
Natalia Romero,Cámara,2025,UDI,Derecha,Periodista
Carolina Cucumides,Cámara,2025,PS,Izquierda,Ingeniera Comercial
Priscilla Castillo,Cámara,2025,PDC,Centro,Política
Consuelo Veloso,Cámara,2025,PR,Centro - Izquierda,Política
Sara Concha,Cámara,2025,PSC,Extrema - Derecha,Politica
Francesca Muñoz,Cámara,2025,PSC,Extrema - Derecha,Profesora
Paz Charpentier,Cámara,2025,PRCH,Extrema - Derecha,Abogada
Marlene Pérez,Cámara,2025,UDI,Derecha,Trabajadora Social
Flore Weisse,Cámara,2025,UDI,Derecha,Ingeniera Comercial
Joanna Pérez,Cámara,2025,DEM,Centro,Admisntradora Pública
Lilian Betancurt,Cámara,2025,PDG,Centro,Política
Gloria Naveillan,Cámara,2025,PNL,Extrema - Derecha,Publicista
Andrea Parra,Cámara,2025,PPD,Centro - Izquierda,Enfermera
Flor Contreras,Cámara,2025,PDG,Centro,Política
Emilia Nuyado,Cámara,2025,PS,Izquierda,Auditora
Paulina muñoz,Cámara,2025,PNL,Extrema - Derecha,Ingeniera Industrial
Claudia Reyes,Cámara,2025,PRCH,Extrema - Derecha,Política
Andrea Macías,Cámara,2025,PS,Izquierda,Socióloga
Alejandra Valdebenito,Cámara,2025,UDI,Derecha,Política
Javiera Morales,Cámara,2025,FA,Izquierda,Abogada
Stephanie Jeldréz,Cámara,2025,PRCH,Extrema - Derecha,
Ximena Naranjo,Cámara,2025,Ind - UDI,Derecha,
Marcela Hernando,Cámara,2025,PR,Centro - Izquierda,
Paula Olmos,Cámara,2025,PDG,Centro,
Nathalie Castillo,Cámara,2025,PCCH,Extrema - Izquierda,
Carolina Tello,Cámara,2025,FA,Izquierda,
Eileen Urqueta,Cámara,2025,PDG,Centro,
Chiara Barchiesi,Cámara,2025,PRCH,Extrema - Derecha,
María Francisca Bello,Cámara,2025,FA,Izquierda,
Sofía Gónzalez,Cámara,2025,PCCH,Extrema - Izquierda,
Coca Ñanco,Cámara,2025,FA,Izquierda,
María De la Cruz,Senado,1953,PFC,Centro,Escritora
Julieta Campusano,Senado,1973,PCCh,Extrema Izquierda,
María Elena Carrera,Senado,1973,PS,Izquierda,
Carmen Frei,Senado,1989,DC,Centro,Abogada
Laura Soto,Senado,1989,PPD,Centro Izquierda,Política
Carmen Frei,Senado,1993,PDC,Centro,Abogada
Maria Elena Carrera,Senado,1993,PS,Izquierda,Médico
Carmen Frei,Senado,1997,PDC,Centro,Abogada
Evelyn Matthei,Senado,1997,UDI,Derecha,Economista
Evelyn Matthei,Senado,2005,UDI,Derecha,Economista
Soledad Alvear,Senado,2005,DC,Centro,Abogada
Isabel Allende,Senado,2009,PS,Izquierda,Socióloga
Lily Pérez,Senado,2009,RN,Derecha,Publicista
Ximena Rincón,Senado,2009,DC,Centro,Abogada
Adriana Muñoz,Senado,2013,PPD,Centro Izquierda,Socióloga
Jacqueline van Rysselberghe,Senado,2013,UDI,Derecha,Médica cirujana
Ena von Baer,Senado,2013,UDI,Derecha,Política
Caroloina Goic,Senado,2013,PDC,Centro,Trabajadora Social
Luz Ebensperger,Senado,2017,UDI,Derecha,Abogada
Yasna Provoste,Senado,2017,PDC,Centro,Profesora de Educación Física
Isabel Allende,Senado,2017,PS,Izquierda,Socióloga
Ximena Rincón,Senado,2017,DC,Centro,Abogada
Carmen Aravena,Senado,2017,EVOP,Centro Derecha,Agrónoma
Ximena Ordenes,Senado,2017,PPD,Centro Izquierda,Socióloga
Paulina Núñez,Senado,2021,RN,Derecha,Abogada
Claudia Pascual,Senado,2021,PCCh,Extrema Izquierda,Antropóloga
Fabiola Campillai,Senado,2021,IND,Centro,Política
Alejandra Sepulveda,Senado,2021,FRVS,Izquierda,Médico Veterinario
Loreto Carvajal,Senado,2021,PPD,Centro Izquierda,Egresada de Derecho
María José Gatica,Senado,2021,RN,Derecha,Ingeniera civil en Construcción
Paulina Núñez,Senado,2025,RN,Derecha,Abogada
Fabiola Campillai,Senado,2025,IND,Centro,Política
Claudia Pascual,Senado,2025,PCCh,Extrema Izquierda,Antropóloga
Alejandra Sepulveda,Senado,2025,FRVS,Izquierda,Médico Veterinario
Loreto Carvajal,Senado,2025,PPD,Centro Izquierda,Egresada de Derecho
María José Gatica,Senado,2025,RN,Derecha,Ingeniera civil en Construcción
Danisa Astudillo,Senado,2025,PS,Izquierda,Ingeniera Comercial
Daniella Cicardini,Senado,2025,PS,Izquierda,Bióloga Marina
Yasna Provoste,Senado,2025,PDC,Centro,Profesora de Educación Física
Karol Cariola,Senado,2025,PCCh,Extrema Izquierda,Matrona
Camila Flores,Senado,2025,RN,Derecha,Abogada
Paulina Vodanovic,Senado,2025,PS,Izquierda,Abogada
Andrea Balladares,Senado,2025,RN,Derecha,Socióloga
Vanessa Kaiser,Senado,2025,PNL,Extrema Derecha,Cientista Política
Ximena Ordenes,Senado,2025,PPD,Centro Izquierda,Socióloga
Beatriz Sánchez,Senado,2025,FA,Centro Izquierda,Periodista